{
  "Circulation": {
    "hr": 110,
    "sbv": 500,
    "k": [0.04741432, 0.04079817, 0.04324566, 0.16603112, 0.31207154, 0.02117281, 0.03572387, 0.33354252]
  },

  "Capacitances": {
    "cvp": 8.0,
    "cas": 1.32,
    "cvs": 70.0,
    "cap": 13.0
  },

    "Resistances": {
    "rvp": 0.015,
    "rcs": 0.090,
    "ras": 0.900,
    "rvs": 0.015,
    "rcp": 0.020,
    "rap": 0.300,
    "rav": 0.025,
    "rmvb": 1e20,
    "rtvb": 1e20
  },

  "Solver": {
    "cutoff": 0.01,
    "iter_max": 50,
    "n_inc": 1200
  },

  "Heart": {
    "patches": [0, 1, 2, 3, 4],
    "am_ref": [6337, 8241, 2880, 4213, 3053],
    "wv": [72750, 40470, 33070, 6402, 2838],
    "ls_ref": [2.0, 2.0, 2.0, 2.0, 2.0],
    "ls_eiso": [0.04, 0.04, 0.04, 0.04, 0.04],
    "lsc0": [1.51, 1.51, 1.51, 1.51, 1.51],
    "v_max": [7e-3, 7e-3, 7e-3, 14e-3, 14e-3],
    "tr": [0.25, 0.25, 0.25, 0.40, 0.40],
    "td": [0.25, 0.25, 0.25, 0.40, 0.40],
    "tad": [200, 200, 200, 80, 80],
    "sf_act": [0.150, 0.150, 0.150, 0.060, 0.060],
    "c_1": [3.46e-14, 3.46e-14, 3.46e-14, 1.60e-3, 1.60e-3],
    "c_3": [5.24e-04, 5.24e-04, 5.24e-04, 0.017e-3, 0.017e-3],
    "c_4": [10.0, 10.0, 10.0, 10.0, 10.0],
    "t_act": [180, 180, 180, 100, 100],
    "ischemic": [0, 0, 0, 0, 0]
  },

  "Pericardium": {
    "thickness": 0.0,
    "c_1": 1.59e-1,
    "c_3": 8.41e-3,
    "c_4": 3.47e1,
    "pre_stretch": 1.0
},

  "Growth": {
    "time": [-1, 0, 1, 2, 3, 4, 5, 6, 7, 8, 9, 10, 11, 12, 13, 14, 15, 16, 17, 18],
    "dt": 1,
    "hr": [110, 110, 110, 110, 110, 110, 110, 110, 110, 110, 110, 110, 110, 110, 110, 110, 110, 110, 110, 110],
    "rmvb": [1e10, 0.11, 0.11, 0.11, 0.11, 0.11, 0.11, 0.11, 0.11, 0.11, 0.11, 0.11, 0.11, 0.11, 0.11, 0.11, 0.11, 0.11, 0.11, 0.11],
    "sbv": [1000, 1100, 1100, 1100, 1100, 1100, 1100, 1100, 1100, 1100, 1100, 1100, 1100, 1100, 1100, 1100, 1100, 1100, 1100, 1100],
    "ras": [1, 1.75, 1.75, 1.75, 1.75, 1.75, 1.75, 1.75, 1.75, 1.75, 1.75, 1.75, 1.75, 1.75, 1.75, 1.75, 1.75, 1.75, 1.75, 1.75],
    "ischemic": [
      {
        "ischemic": [0, 0, 0, 0, 0],
        "t_init": 0
      }
    ],
    "t_act": [
      {
        "t_act": [180, 180, 180, 100, 100],
        "t_init": 0
      }
    ],
    "f_gmax_pos_l": 0.1,
    "f_gmax_neg_l": 0.03,
    "n_pos_l": 3,
    "n_neg_l": 9,
    "s_50_pos_l": 0.075,
    "s_50_neg_l": 0.11,
    "f_gmax_pos_r": 0.1,
    "f_gmax_neg_r": 0.03,
    "n_pos_r": 3,
    "n_neg_r": 9,
    "s_50_pos_r": 0.075,
    "s_50_neg_r": 0.11,
    "fr_ratio": 1,
    "l_wset": 45,
    "growing_walls": [0, 2]
  }
}
