{
  "Metadata (not used for simulation)": {
    "description": "Human case with 16 and 5 patches for LV and RV, resp. Growth driven by LBBB -> CRT",
    "references": [""],
    "notes": ""
  },

  "Circulation": {
    "hr": 75,
    "sbv": 1800,
    "k": [0.10,  0.05,  0.10,  0.05, 0.30,  0.05, 0.10,  0.25]
  },

  "Capacitances": {
    "cvp": 8.0,
    "cas": 1.12,
    "cvs": 70.0,
    "cap": 13.0
  },

    "Resistances": {
    "rvp": 0.015,
    "rcs": 0.090,
    "ras": 0.900,
    "rvs": 0.015,
    "rcp": 0.020,
    "rap": 0.300,
    "rav": 0.025,
    "rmvb": 1e20,
    "rtvb": 1e20
  },

  "Solver": {
    "cutoff": 0.01,
    "iter_max": 50,
    "n_inc": 1800
  },

  "Heart": {
    "vs": 60000,
    "ys" : 34,
    "c" : 0.0,
    "patches": [0, 2, 2, 0, 0, 0, 0, 2, 2, 0, 0, 0, 0, 2, 0, 0, 1, 1, 1, 1, 1, 3, 4],
    "am_ref": [900.0, 1040.0, 1040.0,  900.0,  900.0,  900.0,  900.0, 1040.0, 1040.0, 900.0,  900.0,  900.0,  900.0, 1040.0,  900.0,  900.0, 2700.0, 2700.0, 2700.0, 2700.0, 2700.0, 6900.0, 5000.0],
    "wv": [10577.0264327943,	13543.7533590658,	10963.9908144819,	5804.46572531392,	3869.64381687595,	4901.54883470953,	8900.18077881468,	10319.0501783359,	9416.13328773147,	5417.50134362633,	4901.54883470953,	7223.3351248351,	8900.18077881468,	8126.25201543949,	5417.50134362633,	6836.37074314751,	9091.65883124852,	9091.65883124852,	9091.65883124852,	9091.65883124852,	9091.65883124852,	7190.7893094469,	3188.95873723297],
    "ls_ref": [2.0, 2.0, 2.0, 2.0, 2.0, 2.0, 2.0, 2.0, 2.0, 2.0, 2.0, 2.0, 2.0, 2.0, 2.0, 2.0, 2.0, 2.0, 2.0, 2.0, 2.0, 2.0, 2.0],
    "ls_eiso": [0.04, 0.04, 0.04, 0.04, 0.04, 0.04, 0.04, 0.04, 0.04, 0.04, 0.04, 0.04, 0.04, 0.04, 0.04, 0.04, 0.04, 0.04, 0.04, 0.04, 0.04, 0.04, 0.04],
    "lsc0": [1.51, 1.51, 1.51, 1.51, 1.51, 1.51, 1.51, 1.51, 1.51, 1.51, 1.51, 1.51, 1.51, 1.51, 1.51, 1.51, 1.51, 1.51, 1.51, 1.51, 1.51, 1.51, 1.51],
    "v_max": [7e-3, 7e-3, 7e-3, 7e-3, 7e-3, 7e-3, 7e-3, 7e-3, 7e-3, 7e-3, 7e-3, 7e-3, 7e-3, 7e-3, 7e-3, 7e-3, 7e-3, 7e-3, 7e-3, 7e-3, 7e-3, 14e-3, 14e-3],
    "tr": [0.25, 0.25, 0.25, 0.25, 0.25, 0.25, 0.25, 0.25, 0.25, 0.25, 0.25, 0.25, 0.25, 0.25, 0.25, 0.25, 0.25, 0.25, 0.25, 0.25, 0.25, 0.40, 0.40],
    "td": [0.25, 0.25, 0.25, 0.25, 0.25, 0.25, 0.25, 0.25, 0.25, 0.25, 0.25, 0.25, 0.25, 0.25, 0.25, 0.25, 0.25, 0.25, 0.25, 0.25, 0.25, 0.40, 0.40],
    "tad": [200, 200, 200, 200, 200, 200, 200, 200, 200, 200, 200, 200, 200, 200, 200, 200, 200, 200, 200, 200, 200, 80, 80],
    "sf_act": [0.150, 0.150, 0.150, 0.150, 0.150, 0.150, 0.150, 0.150, 0.150, 0.150, 0.150, 0.150, 0.150, 0.150, 0.150, 0.150, 0.150, 0.150, 0.150, 0.150, 0.150, 0.060, 0.060],
    "c_1": [1e-5, 1e-5, 1e-5, 1e-5, 1e-5, 1e-5, 1e-5, 1e-5, 1e-5, 1e-5, 1e-5, 1e-5, 1e-5, 1e-5, 1e-5, 1e-5, 1e-5, 1e-5, 1e-5, 1e-5, 1e-5, 1.60e-3, 1.60e-3],
    "c_3": [5.23e-4, 5.23e-4, 5.23e-4, 5.23e-4, 5.23e-4, 5.23e-4, 5.23e-4, 5.23e-4, 5.23e-4, 5.23e-4, 5.23e-4, 5.23e-4, 5.23e-4, 5.23e-4, 5.23e-4, 5.23e-4, 5.23e-4, 5.23e-4, 5.23e-4, 5.23e-4, 5.23e-4, 0.017e-3, 0.017e-3],
    "c_4": [10.0, 10.0, 10.0, 10.0, 10.0, 10.0, 10.0, 10.0, 10.0, 10.0, 10.0, 10.0, 10.0, 10.0, 10.0, 10.0, 10.0, 10.0, 10.0, 10.0, 10.0, 10.0, 10.0],
    "t_act": [206,	181.2,	187,	212.1,	246.9,	243.5,	222.7,	184.7,	183.5,	209.8,	249.7,	262.7,	226,	193,	217.2,	249.2, 150, 160, 160, 170, 170, 0, 0],
    "ischemic": [0, 0, 0, 0, 0, 0, 0, 0, 0, 0, 0, 0, 0, 0, 0, 0, 0, 0, 0, 0, 0, 0, 0]
  },

  "Pericardium": {
    "thickness": 0.0,
    "c_1": 1.59e-1,
    "c_3": 8.41e-3,
    "c_4": 3.47e1,
    "pre_stretch": 1.0
},

  "Growth": {
    "time": [-1, 0, 1, 6, 11, 16, 21, 26, 31, 36, 41, 46, 51, 56, 61, 66, 71, 76, 81, 86, 91, 96, 101, 106, 111, 116, 121, 126, 131, 136, 141, 146, 151, 156, 161, 166, 171, 176, 181],
    "dt": 5,
    "hr": [76, 76, 76, 76, 76, 76, 76, 76, 76, 76, 76, 76, 76, 76, 76, 76, 76, 76, 76, 76, 76, 76, 76, 76, 76, 76, 76, 76, 76, 76, 76, 76, 76, 76, 76, 76, 76, 76, 76],
    "rmvb": [1e10, 1e10, 1e10, 1e10, 1e10, 1e10, 1e10, 1e10, 1e10, 1e10, 1e10, 1e10, 1e10, 1e10, 1e10, 1e10, 1e10, 1e10, 1e10, 1e10, 1e10, 1e10, 1e10, 1e10, 1e10, 1e10, 1e10, 1e10, 1e10, 1e10, 1e10, 1e10, 1e10, 1e10, 1e10, 1e10, 1e10, 1e10, 1e10],
    "sbv": [1800, 1800,  1800, 1800, 1800, 1800, 1800, 1800, 1800, 1800, 1800, 1800, 1800, 1800, 1800, 1800, 1800, 1800, 1800, 1800, 1800, 1800, 1800, 1800, 1800, 1800, 1800, 1800, 1800, 1800, 1800, 1800, 1800, 1800, 1800, 1800, 1800, 1800, 1800],
    "ras": [0.900, 0.900, 0.900, 0.900, 0.900, 0.900, 0.900, 0.900, 0.900, 0.900, 0.900, 0.900, 0.900, 0.900, 0.900, 0.900, 0.900, 0.900, 0.900, 0.900, 0.900, 0.900, 0.900, 0.900, 0.900, 0.900, 0.900, 0.900, 0.900, 0.900, 0.900, 0.900, 0.900, 0.900, 0.900, 0.900, 0.900, 0.900, 0.900],
    "ischemic": [
      {
        "ischemic": [0, 0, 0, 0, 0, 0, 0, 0, 0, 0, 0, 0, 0, 0, 0, 0, 0, 0, 0, 0, 0, 0, 0],
        "t_init": 0
      }
    ],
    "t_act": [
      {
        "t_act": [206,	181.2,	187,	212.1,	246.9,	243.5,	222.7,	184.7,	183.5,	209.8,	249.7,	262.7,	226,	193,	217.2,	249.2, 150, 160, 160, 170, 170, 0, 0],
        "t_init": 0
      },
      {
        "t_act": [168.9,	138.1,	131.4,	166.4,	177,	194.7,	174.8,	136,	129.1,	159.7,	136.2,	179.2,	196.3,	138.5,	167.3,	186.6, 130, 130, 120, 120, 110, 0, 0],
        "t_init": 1
      }
    ],
    "fgmax_f_plus": 0.05,
    "fgmax_f_min": 0.05,
    "n_f_plus": 3,
    "n_f_min": 3,
    "s50_f_plus": 0.075 ,
    "s50_f_min": 0.075,
    "fgmax_r_plus": 0.05,
    "fgmax_r_min": 0.05,
    "n_r_plus": 3,
    "n_r_min": 9,
    "s50_r_plus": 0.075,
    "s50_r_min": 0.25,
    "fr_ratio": 1,
    "t_mem": 45,
    "growing_walls": [0, 1, 2]
  }
}
