{
  "Metadata (not used for simulation)": {
    "description": "Copy of human.json, will be modifying this file for pediatric simulations",
    "references": [""],
    "notes": ""
  },

  "Circulation": {
    "hr": 147.7143286,
    "sbv": 44.37969697,
    "k": [0.10,  0.05,  0.10,  0.05, 0.30,  0.05, 0.10,  0.25]
  },

  "Capacitances": {
    "cvp": 0.4034517906,
    "cas": 0.05648325069,
    "cvs": 3.530203168,
    "cap": 0.6556091598
  },

    "Resistances": {
    "rvp": 0.000756472107,
    "rcs": 0.004538832645,
    "ras": 0.04538832645,
    "rvs": 0.000756472107,
    "rcp": 0.001008629477,
    "rap": 0.001512944215,
    "rav": 0.001260786846,
    "rmvb": 1e20,
    "rtvb": 1e20
  },

  "Solver": {
    "cutoff": 0.01,
    "iter_max": 50,
    "n_inc": 1800
  },

  "Heart": {
    "patches": [0, 1, 2, 3, 4],
    "am_ref": [ 2439, 3317, 1292, 1707, 1243],
    "wv": [9946, 5808, 7160, 919, 407],
    "ls_ref": [2.0, 2.0, 2.0, 2.0, 2.0],
    "ls_eiso": [0.04, 0.04, 0.04, 0.04, 0.04],
    "lsc0": [1.51, 1.51, 1.51, 1.51, 1.51],
    "v_max": [7e-3, 7e-3, 7e-3, 14e-3, 14e-3],
    "tr": [0.25, 0.25, 0.25, 0.40, 0.40],
    "td": [0.25, 0.25, 0.25, 0.40, 0.40],
    "tad": [200, 200, 200, 80, 80],
    "sf_act": [0.150, 0.150, 0.150, 0.060, 0.060],
    "c_1": [1e-5, 1e-5, 1e-5, 1.60e-3, 1.60e-3],
    "c_3": [5.23e-4, 5.23e-4, 5.23e-4, 0.017e-3, 0.017e-3],
    "c_4": [10.0, 10.0, 10.0, 10.0, 10.0],
    "t_act": [100, 100, 100, 0, 0],
    "ischemic": [0, 0, 0, 0, 0]
  },

  "Pericardium": {
    "thickness": 0.0,
    "c_1": 1.59e-1,
    "c_3": 8.41e-3,
    "c_4": 3.47e1,
    "pre_stretch": 1.0
},

  "Growth": {
    "type": "pediatric",
    "time": [-1, 0, 1, 2,3,4,5,6,7,8,9,10,11,12,13,14,15,16,17,18,19,20,21,22,23,24,25,26,27,28,29,30,31,32,33,34,35,36],
    "hr": [75, 75, 75, 75, 75, 75, 75, 75, 75, 75, 75, 75, 75, 75, 75, 75, 75, 75, 75, 75, 75, 75, 75, 75, 75, 75, 75, 75, 75, 75, 75, 75, 75, 75, 75, 75, 75,75],
    "rmvb": [1e10, 1e10, 1e10, 1e10, 1e10, 1e10, 1e10, 1e10, 1e10, 1e10, 1e10, 1e10, 1e10, 1e10, 1e10, 1e10, 1e10, 1e10, 1e10, 1e10, 1e10, 1e10, 1e10, 1e10, 1e10, 1e10, 1e10, 1e10, 1e10, 1e10, 1e10, 1e10, 1e10, 1e10, 1e10, 1e10, 1e10, 1e10],
    "sbv": [1800, 1800,  1800, 1800, 1800, 1800, 1800, 1800, 1800, 1800, 1800, 1800, 1800, 1800, 1800, 1800, 1800, 1800, 1800, 1800, 1800, 1800, 1800, 1800, 1800, 1800, 1800, 1800, 1800, 1800, 1800, 1800, 1800, 1800, 1800, 1800, 1800, 1800],
    "ras": [0.900, 0.900, 0.900, 0.900, 0.900, 0.900, 0.900, 0.900, 0.900, 0.900, 0.900, 0.900, 0.900, 0.900, 0.900, 0.900, 0.900, 0.900, 0.900, 0.900, 0.900, 0.900, 0.900, 0.900, 0.900, 0.900, 0.900, 0.900, 0.900, 0.900, 0.900, 0.900, 0.900, 0.900, 0.900, 0.900, 0.900,  0.900],
    "ischemic": [
      {
        "ischemic": [0, 0, 0, 0, 0],
        "t_init": 0
      }
    ],
    "t_act": [
      {
        "t_act": [100, 100, 100, 0, 0],
        "t_init": 0
      }
    ],
    "tau_f+": 1.0,
    "tau_f-" : 1e5,
    "tau_r+": 1e5,
    "tau_r-": 5.0,
    "gamma": 2.0,
    "theta_f_max": 2.25,
    "theta_f_min": 0.75,
    "theta_r_max": 1.5,
    "theta_r_min": 0.75,
    "t_mem": 10000,
    "growing_walls": [0, 1, 2]
  }
}
