{"vs": 32323.89831237266, "ys": 38.55377215609383, "dv": -14.161596461323258, "dy": 0.00630581869543705, "c": [2.368906908176857e-06, 2.8284485588739327e-06, 1.0691527283935437e-06, 2.848877554422337e-12, 2.7891616847482286e-12], "lsc": [2.3177009764474508, 2.323374504971515, 2.201660414426523, 2.6934635590237637, 2.68906351465674], "k": [0.07213962726305859, 0.047828627145507674, 0.07211771299650022, 0.03191582891383398, 0.4294213489135849, 0.029575008459871613, 0.08115116808589415, 0.235850678221749]}