{"vs": 24214.04092932701, "ys": 35.85725497505764, "dv": 7.30631056366104, "dy": 0.0020818396197952106, "c": [0.00010936678138256878, 0.0001399327731540003, 5.460774284778334e-05, 1.4887097158696282e-09, 1.5070440066995329e-09], "lsc": [2.0961363914391287, 2.137020148175311, 2.0302695173643177, 2.6199010291406806, 2.6472974187285883], "k": [0.019351995560382362, 0.1539716463591081, 0.15327440508327675, 0.007112644353554895, 0.17898746732250165, 0.09902238143672627, 0.21254665269556372, 0.1757328071888863]}