{"vs": 6165.42436363678, "ys": 18.297152309156633, "dv": 0.8634139595028432, "dy": 0.0021538285531695974, "c": [0.00023184753325972043, 0.00018324472958939828, 0.0001316275648291653, 6.191134826474419e-09, 5.8958900235025024e-09], "lsc": [2.077142060554934, 2.0627444643630355, 2.041163160542338, 2.5764696045852657, 2.5899320966262724], "k": [0.03211447308267878, 0.10266574270220706, 0.11620807415851614, 0.044843872355911286, 0.2664136830439103, 0.06553620607080547, 0.10878347485781273, 0.2634344737281583]}