{"vs": 39332.34729151607, "ys": 37.68846001006098, "dv": 4.1797549468296635, "dy": 0.0017258207852460222, "c": [1.0214299040552231e-10, 5.1394365597271845e-11, 6.567245705150544e-11, 1.3894587758881326e-10, 3.2509905803084424e-11, 2.920727420012504e-11, 3.657695065306423e-11, 5.210994615755644e-12, 6.362209930009291e-12, 3.551163787704236e-11, 4.354781834410427e-12, 6.8176740905968e-12, 1.07157372379071e-11, 1.4010935495543072e-12, 2.4101003956267896e-11, 2.6776030644481834e-11, 2.0374429253342937e-11, 4.030279797337812e-12, 1.1083614346060192e-11, 2.906944204753919e-10, 3.6408397042804476e-11, 5.71040920045436e-28, 3.7301134156758094e-28], "lsc": [2.017061614645802, 1.9745926779326264, 1.9745926778598981, 2.0170616144736946, 2.0170616149714364, 2.0170616149868823, 2.0170616149524174, 1.9745926781678702, 1.974592678162006, 2.0170616149573997, 2.0170616151031022, 2.0170616150915848, 2.0170616150733554, 1.9745926781872767, 2.0170616150107605, 2.0170616149982505, 2.0524714993210744, 2.052471499388231, 2.0524714993592483, 2.05247149821036, 2.052471499255192, 3.2468570818880336, 3.2377104189685837], "k": [0.03295037101286501, 0.12457281632282617, 0.19262242752572614, 0.07184940312887401, 0.18756881163282754, 0.12355817650160338, 0.16953849903776375, 0.09733949483751407]}