{"vs": 0.04934097693535932, "ys": 9.293661878556748, "dv": -0.0004983937064177709, "dy": -0.0002499281523080823, "c": [19.045848213376605, 19.045848213376605, 0.035229724388248215, 7.142193081606448, 7.142193081534629], "lsc": [13273722.190685896, 10713518.157516547, 4.078152752803592, 6173371.520189203, 5821247.376352964], "k": [-3427967590.842652, 1115530474068620.2, -1086158868311315.0, -11066476454.578691, -7039024263786.092, 734904849119588.6, -757161039395567.5, -61896773493.95971]}